Project_ID,project_name,Goal,url,pledged_amount,backers_count,creator_full_name,creator_personal_url,creator_buildhistory_has_backed_projects_number,creator_built_projects_number,creator_bio_info_url,creator_Facebook_url,currency,duration,location_ID,state_changed_at,created_at,Deadline,description,category,project_state,has_a_video,comments_count,updates_number,data_percent_rasied,hours_left,creator_short_name,creator_friends_facebook_number
1535276882,'Granny Soft Skull' Wall Hanging Art Piece and Poem,"$2,000",https://www.kickstarter.com/projects/1905313160/granny-soft-skull-wall-hanging-art-piece-and-poem?ref=category_newest,$0.00,0,Gary Tunnicliffe,,, | ,https://www.kickstarter.com/projects/1905313160/granny-soft-skull-wall-hanging-art-piece-and-poem/creator_bio,,USD,30.0,"San Fernando, CA",2015-05-27T04:36:03-04:00,1431309750,1434081213,From Hellraiser Series Make Up Fx Designer Gary J. Tunnicliffe A Twisted piece of 'Ready to Display' Art and Poetry for your home.,Sculpture,canceled,true,['0'],0,0.0,0,Gary J. Tunnicliffe,
512090272,Cross Solder's 2nd Album Debut,"$3,000",https://www.kickstarter.com/projects/1190757830/cross-solders-2nd-album-debut?ref=category_newest,$1.00,1,Anthony  Dunn,http://facebook.com/CrossSolder,0 backed,First created,https://www.kickstarter.com/projects/1190757830/cross-solders-2nd-album-debut/creator_bio,https://www.facebook.com/965099230181420,USD,30.0,"Columbus, OH",2015-04-09T22:02:46-04:00,1425948136,1428631366,Heading back to the studio with a fresh new sound !!!,Rock,failed,false,['0'],0,0.000333333333333333,0,Anthony Dunn,13 friends
134511837,Broader Mind - An Atheist in Search of God,"$30,000",https://www.kickstarter.com/projects/388478753/broader-mind-an-atheist-in-search-of-god?ref=category_newest,$80.00,3,Kenteth Parton,http://Facebook.com/KentethScott,0 backed,First created,https://www.kickstarter.com/projects/388478753/broader-mind-an-atheist-in-search-of-god/creator_bio,,USD,60.0,"Atlanta, GA",2016-02-06T12:51:31-05:00,1448992055,1454781091,A 25-year-old writer willingly leaves everything behind to spend a year traveling the world in search of God.,Print,failed,true,['0'],0,0.002666666666666667,0,Kenteth Scott,
1068852290,Dai Sai Sou (Canceled),"$16,000",https://www.kickstarter.com/projects/hiddengemgames/dai-sai-sou?ref=category_newest,$520,15,,http://www.hiddengemgames.net,0 backed, | ,https://www.kickstarter.com/projects/hiddengemgames/dai-sai-sou/creator_bio,,USD,33.0,"Philadelphia, PA",2013-05-04T07:55:50-04:00,1338651279,1368305866,Construct your robo for a full-out battle between you and up to five others in this action-packed card game.,Tabletop Games,canceled,true,['7'],6,0.0325,0,Hidden Gem Games,
1360068598,RMTV Acoustic Sessions Project (Popular Musicians on DVD),"$2,000",https://www.kickstarter.com/projects/rmtv/rmtv-acoustic-sessions-project-popular-musicians?ref=category_newest,$310,9,,http://www.hulu.com/rmtv,, | ,https://www.kickstarter.com/projects/rmtv/rmtv-acoustic-sessions-project-popular-musicians/creator_bio,Not connected,USD,28.045601851851853,Music,2009-11-04T23:00:00-05:00,1254961420,1257393600,"Help us finish our Promotional Music DVD (Jason Mraz + more) Get YOUR Band Featured, Get Rewards - DVDs, stickers, credits etc.  REALMAGICTV.COM",,failed,true,['1'],3,0.155,0,Real Magic TV,Not connected
1304427444,Bigger Version of my Ceramic Turtle,$600,https://www.kickstarter.com/projects/1668182335/bigger-version-of-my-ceramic-turtle?ref=category_newest,$70.00,4,,,,First created,https://www.kickstarter.com/projects/1668182335/bigger-version-of-my-ceramic-turtle/creator_bio,,USD,25.0,"Santa Clara, CA",2012-12-29T12:50:15-05:00,1354255114,1356803415,I made this turtle a while ago and always wanted to make a larger version of this to possibly display in school art festival.,Art,failed,false,['1'],2,0.116666666666666667,0,Tirq Sleen,
1699510748,"""Nisse's Dream""...a musical for the young at heart","$10,200",https://www.kickstarter.com/projects/artsequity/nisses-dreama-musical-for-the-young-at-heart?ref=category_newest,$135,3,,http://www.artsequity.org/,, | ,https://www.kickstarter.com/projects/artsequity/nisses-dreama-musical-for-the-young-at-heart/creator_bio,Not connected,USD,40.90953703703704,"Vancouver, WA",2011-05-15T15:00:00-04:00,1300397413,1305486000,"NISSE'S DREAM..a sophisticated ALL AGES musical about a boy and his dreams, his stolen cow, a blue witch, and a pack of greedy TROLLS!",Theater,failed,true,['1'],0,0.013235294117647059,0,Arts Equity,Not connected
219593150,the Church and the Dime - Issue 1,1000.0,https://www.kickstarter.com/projects/1655679628/the-church-and-the-dime-issue-1?ref=category_newest,,,,0,0,0,https://www.kickstarter.com,,0,0,"London, UK",1454496454,1421699996,1424441775,"Bryn G Jones is raising funds for the Church and the Dime - Issue 1 on Kickstarter! 

 The first issue of Bryn G Jones's psychological thriller about a head trauma patient whose wife has been murdered.",Comic Books,successful,true,0,16,0,0,0,
109294380,"Stand Up & Become ""Love's Heretic"" (Canceled)","$15,000",https://www.kickstarter.com/projects/tantra/stand-up-and-become-loves-heretic?ref=category_newest,"$2,607",15,Randi Grillo,https://www.facebook.com/pages/Tantra/550338838311942,, | ,https://www.kickstarter.com/projects/tantra/stand-up-and-become-loves-heretic/creator_bio,https://www.facebook.com/10101349904607336,USD,59.78398148148148,"Honolulu, HI",2015-04-27T20:15:10-04:00,1389840623,1432171260,"Help Tantra release her ""Love's Heretic"" freshman Hip Hop album. It's been a humbling journey of honesty, humility, and realization.",Hip-Hop,canceled,false,['0'],0,0.1738,0,Tantra,"4,835 friends"
1037207426,Midnight Giant's Album 'Last of the Gentlemen',"$20,000",https://www.kickstarter.com/projects/midnightgiant/midnight-giants-album-last-of-the-gentlemen?ref=category_newest,$117,6,,,0 backed,First created,https://www.kickstarter.com/projects/midnightgiant/midnight-giants-album-last-of-the-gentlemen/creator_bio,Not connected,USD,21.425555555555555,"St. Louis, MO",2012-01-28T00:59:00-05:00,1325632085,1327730340,"Upbeat, dance-rock that ensnares you with it's catchy hooks. ""It's like wizards fighting in space.""",Music,failed,false,['1'],0,0.00585,0,Dustin Plegge,Not connected
1417249499,1:18 Scale Accessory Weapons Pack,"$5,000",https://www.kickstarter.com/projects/790108683/1-18-scale-accessory-weapons-pack?ref=category_newest,$535,20,Josh Dolgner,https://www.facebook.com/LegionXivProductions,, | ,https://www.kickstarter.com/projects/790108683/1-18-scale-accessory-weapons-pack/creator_bio,https://www.facebook.com/1599000033,USD,30.0,"Ripon, WI",2014-06-08T21:46:43-04:00,1399551542,1402278403,A 1:18 scale weapon pack for use with all 1:18 and 3-3/4 inch figures,Tabletop Games,failed,false,['0'],2,0.107,0,Falcone,137 friends
547873957,5 Golden Keys to Slow Parenting,"kr55,000",https://www.kickstarter.com/projects/slowparenting/5-golden-keys-to-slow-parenting?ref=category_newest,"kr6,170",20,Anna Fasting,http://slowparenting.dk,0 backed,First created,https://www.kickstarter.com/projects/slowparenting/5-golden-keys-to-slow-parenting/creator_bio,,DKK,30.0,"Copenhagen, Denmark",2015-08-30T10:07:18-04:00,1434358658,1440943638,The hands on Online Course that will help parents find their calm and strength to allow childhood to blossom in its own pace.,Nonfiction,failed,true,['0'],2,0.112181818181818182,0,Slow Parenting,
1870222408,Bro Bong- The Iron Gym for taking Beer Bongs with friends,"$22,000",https://www.kickstarter.com/projects/1951661698/bro-bong-the-iron-gym-for-taking-beer-bongs-with-f?ref=category_newest,$714,19,Matt Obal,https://www.facebook.com/TruckStopLock,, | ,https://www.kickstarter.com/projects/1951661698/bro-bong-the-iron-gym-for-taking-beer-bongs-with-f/creator_bio,,USD,30.0,"Chicago, IL",2014-07-02T11:23:34-04:00,1397530390,1404314614,A drinking game changer that lets you hang beer bongs on any standard door frame. Race your friends and see who is the best at Bro Bong,Product Design,failed,true,['0'],3,0.032454545454545455,0,Matt Opalski,
585300591,Guardians Warriors (Canceled),"$65,000",https://www.kickstarter.com/projects/guardianswarriors/guardians-warriors?ref=category_newest,$371,9,Pierre Luiz Pereira,https://www.facebook.com/guardianswarriors,0 backed,First created,https://www.kickstarter.com/projects/guardianswarriors/guardians-warriors/creator_bio,,USD,59.958333333333336,"Frederick, MD",2015-02-16T19:38:28-05:00,1422888774,1428322838,Year 2114 A.C the Earth is in the path of destruction made by Men and the human race is very close to being extinct.,Video Games,canceled,true,['4'],0,0.005707692307692308,0,Eureka Creativity,
1110354352,STRAIGHT OFF THE GRILL,"$5,000",https://www.kickstarter.com/projects/316105207/straight-off-the-grill?ref=category_newest,$0.00,0,cameron stacy,,0 backed,First created,https://www.kickstarter.com/projects/316105207/straight-off-the-grill/creator_bio,https://www.facebook.com/1802790028,USD,30.0,"Knoxville, TN",2015-06-20T09:37:59-04:00,1429905263,1434807479,Giving everyone something they have never had before.,Food Trucks,failed,true,['0'],0,0.0,0,Cameron Stacy,"2,140 friends"
522348538,EXPRESS BELT,12750.0,https://www.kickstarter.com/projects/1115468767/trakline-express-belt?ref=category_newest,,,,0,0,0,https://www.kickstarter.com,,0,0,"San Diego, CA",1456886099,1453156574,1456729200,"Karl Kozak is raising funds for TRAKLINE EXPRESS BELT on Kickstarter! 

 We RE-DESIGNED the BELT to fit better, last longer and look amazing.  #1 Funded Accessory on Kickstarter. 
See why MEN LOVE them >>>",Fashion,successful,true,0,21,0,0,0,
1621881800,Tell Her This,6000.0,https://www.kickstarter.com/projects/45260898/tell-her-this?ref=category_newest,"$6,926",64 backers,Gregory Rizzi,http://www.imdb.com/name/nm2353334/https://www.facebook.com/pages/Tell-Her-This/249360991752830,0,"
First created
",https://www.kickstarter.com/projects/45260898/tell-her-this/creator_bio,Not connected,0,0,"New York, NY",1425915803,1312933513,1317075715,"Gregory Rizzi is raising funds for Tell Her This on Kickstarter! 

 How do you pick up a girl when you can't even get close enough to talk to her?",Shorts,successful,true,0,3,0,0,0,Not connected
1352170490,Celebrate the Unmentionables!,"$7,500",https://www.kickstarter.com/projects/1863232950/celebrate-the-unmentionables?ref=category_newest,$0.00,0,,http://www.kaleidoscopecardsandcrafts.com,0 backed,First created,https://www.kickstarter.com/projects/1863232950/celebrate-the-unmentionables/creator_bio,,USD,44.955416666666665,Crafts,2010-07-19T21:09:00-04:00,1275700125,1279588140,"Life's memories should be treasured, even the unmentionable ones.  Cookie Poche Creations is designing products to preserve these memories.",,failed,false,['0'],1,0.0,0,Kimberly Cox,
1078710729,Kraken Kards No. 1,"£3,500",https://www.kickstarter.com/projects/1774022549/kraken-kards-no-1?ref=category_newest,£569,55,Luke Nelson,http://www.facebook.com/Krakenkardsdesigns,,First created,https://www.kickstarter.com/projects/1774022549/kraken-kards-no-1/creator_bio,,GBP,45.0,"Norwich, UK",2015-03-02T08:58:57-05:00,1420847040,1425304737,Kraken Kards are creating unique decks first available exclusively on Kickstarter; This is their first design,Playing Cards,failed,false,['4'],1,0.162571428571428571,0,Kraken Kards,
381207470,U Got Jokes Volume 6 Launch,"£10,000",https://www.kickstarter.com/projects/855597354/u-got-jokes-volume-6-launch?ref=category_newest,£167,10,Darren Olawale,http://www.insidesuccessuk.com,0 backed, | ,https://www.kickstarter.com/projects/855597354/u-got-jokes-volume-6-launch/creator_bio,,GBP,33.81837962962963,"London, UK",2013-10-19T16:00:00-04:00,1376659117,1382212800,A marketing project to release an urban Live stand up comedy DVD nationally. To take urban comedy to the mainstream.,Webseries,failed,true,['0'],0,0.0167,0,U Got Jokes,
590251344,Where is Home?,3000.0,https://www.kickstarter.com/projects/where-is-home/where-is-home?ref=category_newest,,,,0,0,0,https://www.kickstarter.com,,0,0,"Kampala, Uganda",1453767348,1451433152,1453765920,"Kamoga Hassan is raising funds for Where is Home? on Kickstarter! 

 Ugandan Filmmaker and Activist Kamoga Hassan's new documentary follows Ugandan LGBT asylum seekers asking the question ""Where is home?""",Documentary,successful,true,0,14,0,0,0,
1454575124,Send Comics to Overseas Servicemen with HEROES PREVIEW,"$1,217",https://www.kickstarter.com/projects/1753754821/send-comics-to-overseas-servicemen-with-heroes-pre-0?ref=category_newest,$4.00,1,,http://www.cepublishing.wetpaint.com/,0 backed, | ,https://www.kickstarter.com/projects/1753754821/send-comics-to-overseas-servicemen-with-heroes-pre-0/creator_bio,Not connected,USD,45.442002314814815,"Salem, OR",2010-06-01T12:17:00-04:00,1271132744,1275409020,You too can be a HERO and FIGHT BOREDOM!  Help CE Publishing Group send FREE comic books to Overseas Troops who fight for our Freedom!,Comics,failed,false,['0'],0,0.003286770747740345,0,Michael Rickaby,Not connected
679560803,"Ghost Mice ""All We Got Is Each Other"" LP/zine",1500.0,https://www.kickstarter.com/projects/942533263/ghost-mice-all-we-got-is-each-other-lp-zine?ref=category_newest,"$1,763",127 backers,chris clavin,http://www.youtube.com/watch?v=GZ5NP6hgAakhttp://www.plan-it-x.comhttp://www.plan-it-x.com,0,0,https://www.kickstarter.com/projects/942533263/ghost-mice-all-we-got-is-each-other-lp-zine/creator_bio,,0,0,,1425915803,1318546360,1322006916,"chris clavin is raising funds for Ghost Mice ""All We Got Is Each Other"" LP/zine on Kickstarter! 

 Ghost Mice is recording a new album.",,successful,,0,3,0,0,0,
1708792809,Legacy Untold Online,"$100,000",https://www.kickstarter.com/projects/1211017851/legacy-untold-online-name-subjected-to-change?ref=category_newest,$41.00,2,kyle smith,,0 backed,First created,https://www.kickstarter.com/projects/1211017851/legacy-untold-online-name-subjected-to-change/creator_bio,https://www.facebook.com/1164323743580528,USD,30.0,"Atlanta, GA",2016-01-14T20:21:42-05:00,1450115373,1452820902,"Here at Storm Games, we are developing the world first action adventure MMORPG. with all Quality of a MMORPG, but with combat like DMC.",Video Games,failed,false,['0'],0,0.00041,0,kyle smith,868 friends
500993470,The GLEE Project,"$1,988",https://www.kickstarter.com/projects/hhcf/the-glee-project?ref=category_newest,$0.00,0,,http://www.hiphopchessfederation.org,0 backed,First created,https://www.kickstarter.com/projects/hhcf/the-glee-project/creator_bio,Not connected,USD,30.0,"Fremont, CA",2011-02-18T17:16:18-05:00,1295472045,1298067378,"The GLEE Project is where kids will explore their singing, acting and dancing talents. We're giving the arts back to the youth!",Theater,failed,false,['0'],0,0.0,0,HHCF,Not connected
348357994,"Lee's Ghost & Mothers Agaist Pornography, Two Short Comedies",1000.0,https://www.kickstarter.com/projects/1216588275/lees-ghost-and-mothers-agaist-pornography-two-shor?ref=category_newest,"$1,020",21 backers,Channing,http://www.channingwhitaker.com/,0,"
First created
",https://www.kickstarter.com/projects/1216588275/lees-ghost-and-mothers-agaist-pornography-two-shor/creator_bio,Not connected,0,0,"Houston, TX",1425915803,1311866337,1316387746,"Channing is raising funds for Lee's Ghost & Mothers Agaist Pornography, Two Short Comedies on Kickstarter! 

 2 comedy satires, the ghost of Robert E. Lee and the only one who can see him & A parent org. with an unusual objection to pornography.",Shorts,successful,true,0,12,0,0,0,Not connected
21190561,Fortunes,"$5,000",https://www.kickstarter.com/projects/2004460282/fortunes?ref=category_newest,$100,2,,http://www.youtube.com/user/kevinulrich1?feature=mhee,, | ,https://www.kickstarter.com/projects/2004460282/fortunes/creator_bio,,USD,30.99824074074074,"Woodland, CA",2013-06-14T22:00:00-04:00,1367876599,1371261600,"How far would you go for your values? Our fortunes can be measured in dollars and cents, but true value is found in our love.",Narrative Film,failed,true,['0'],0,0.02,0,Kevin Ulrich,
126936404,The Delta Saints - The Making of 'Death Letter Jubilee',15000.0,https://www.kickstarter.com/projects/thedeltasaints/the-delta-saints-the-making-of-death-letter-jubile?ref=category_newest,"$17,667",204 backers,The Delta Saints,http://www.thedeltasaints.comhttp://www.facebook.com/thedeltasaintshttp://www.youtube.com/thedeltasaintshttp://www.thedeltasaints.bandcamp.com,0 backed,"
First created
",https://www.kickstarter.com/projects/thedeltasaints/the-delta-saints-the-making-of-death-letter-jubile/creator_bio,Not connected,0,0,"Nashville, TN",1425915803,1317747440,1323151226,"The Delta Saints is raising funds for The Delta Saints - The Making of 'Death Letter Jubilee' on Kickstarter! 

 The Delta Saints have set out to record their first full length record titled, ""Death Letter Jubilee"" and they need your help!",Music,successful,true,0,9,0,0,0,Not connected
1208322704,"""DWEGONS""","$75,000",https://www.kickstarter.com/projects/383142205/dwegons?ref=category_newest,"$6,845",36,,http://www.dwegons.com,0 backed,First created,https://www.kickstarter.com/projects/383142205/dwegons/creator_bio,,USD,60.0,"Santa Monica, CA",2012-09-30T19:32:17-04:00,1343089964,1349047937,"Dwegons is a fun full length completed computer animation family movie Directed, Produced and Co-written by Tom Walsh",Animation,failed,true,['2'],1,0.091266666666666667,0,EnterAktion Studios (deleted),
1292439213,Theodore's Plate - A Christmas Fable,"$1,500",https://www.kickstarter.com/projects/1770084754/theodores-plate-a-christmas-fable?ref=category_newest,$25.00,1,,http://www.azentertainmentlaw.com,0 backed,First created,https://www.kickstarter.com/projects/1770084754/theodores-plate-a-christmas-fable/creator_bio,,USD,30.0,"Scottsdale, AZ",2013-09-05T23:46:49-04:00,1361639015,1378439209,"Through a simple gesture of letting a stranger use his plate, Theodore brings the spirit of Christmas to his family.",Children's Books,failed,true,['0'],0,0.016666666666666667,0,Stephen Wade Nebgen,
1578959381,The Burn out: On The Pursuit of Happiness....,"$3,140",https://www.kickstarter.com/projects/314013445/the-burn-out-on-the-pursuit-of-happiness?ref=category_newest,$0.00,0,Nicole Taylor,,,"First created

0 backed",https://www.kickstarter.com/projects/314013445/the-burn-out-on-the-pursuit-of-happiness/creator_bio,Not connected,USD,30.0,"Naperville, IL",1465316302,1465316302,1467911799,"Is it possible to live a life we dream, by taking a chance? Entertainment/Office PA Ready to put my projects on the forefront + Blog it",film%20&amp;%20video,live,false,['0'],0,0.0,188.25085155758592,Nicole T,Not connected
501004573,CocoQuintets - Meet our Innovative New Bar Line,4200.0,https://www.kickstarter.com/projects/445043403/cocoquintets-meet-our-innovative-new-bar-line?ref=category_newest,"$4,606",95 backers,Elyce Zahn,http://www.cocotutti.com,0,0,https://www.kickstarter.com/projects/445043403/cocoquintets-meet-our-innovative-new-bar-line/creator_bio,,0,0,"San Francisco, CA",1425915846,1389304929,1411400201,"Elyce Zahn is raising funds for CocoQuintets - Meet our Innovative New Bar Line on Kickstarter! 

 CocoTutti is launching a new chocolate bar line - each ""pillow"" contains delightful, delicious ganache.  We need chocolate molds!",Small Batch,successful,true,0,11,0,0,0,
1477880677,Some Pretty Wise Words - Graphic Design Poster Series,$350,https://www.kickstarter.com/projects/1176440435/some-pretty-wise-words-graphic-design-poster-serie?ref=category_newest,$129,7,Stacey Haynes,http://www.cratestyle.com,, | ,https://www.kickstarter.com/projects/1176440435/some-pretty-wise-words-graphic-design-poster-serie/creator_bio,https://www.facebook.com/29608660,USD,30.0,"Dallas, TX",2013-06-29T16:19:43-04:00,1369589368,1372537183,A modern poster series that brings generations of wise words to those who still celebrate the good morals.,Graphic Design,failed,false,['2'],0,0.368571428571428571,0,Stacey Wozniak Haynes,"1,153 friends"
16905802,Curiosity,"$7,000",https://www.kickstarter.com/projects/1085751974/curiosty?ref=category_newest,$476,22,,http://www.comingsoon.net,,First created,https://www.kickstarter.com/projects/1085751974/curiosty/creator_bio,,USD,30.0,"Houston, TX",2014-02-13T21:56:38-05:00,1317754050,1392346598,"James Bond adventure, Flash Gordon world: spies, weaponized schizophrenia, imagination breathing trees. Just good stuff.",Comics,failed,true,['4'],4,0.068,0,Joshua Starnes,
508080168,Kevin Stea aka That Rogue Romeo Music Videos!,18000.0,https://www.kickstarter.com/projects/kevinstea/kevin-stea-aka-that-rogue-romeo-music-videos?ref=category_newest,"$21,044",204 backers,Kevin Stea/That Rogue Romeo,http://www.KevinStea.comhttp://www.ThatRogueRomeo.comhttp://www.facebook.com/kstea,0,"
First created
",https://www.kickstarter.com/projects/kevinstea/kevin-stea-aka-that-rogue-romeo-music-videos/creator_bio,https://www.facebook.com/714090602,0,0,"Los Angeles, CA",1425915804,1329091130,1331790660,"Kevin Stea/That Rogue Romeo is raising funds for Kevin Stea aka That Rogue Romeo Music Videos! on Kickstarter! 

 Making 3 videos for That Rogue Romeo's album 'Machine & Magic' with Brian Friedman, Tony Testa & some of the world's best dancers!",Pop,successful,true,0,27,0,0,0,"4,992 friends"
510661183,Eddie Clendening & The Blue Ribbon Boys New Album Recording,1500.0,https://www.kickstarter.com/projects/eddieclendening/eddie-clendening-and-the-blue-ribbon-boys-new-albu?ref=category_newest,"$2,000",38 backers,Eddie Clendening,http://www.eddieclendening.blogspot.comhttp://www.eddieclendening.com,0,0,https://www.kickstarter.com/projects/eddieclendening/eddie-clendening-and-the-blue-ribbon-boys-new-albu/creator_bio,,0,0,"Chicago, IL",1425915809,1336068903,1339195713,"Eddie Clendening is raising funds for Eddie Clendening & The Blue Ribbon Boys New Album Recording on Kickstarter! 

 Me and the band are getting ready to head to the studio to record a brand new full length and a couple of sides for a 45.",Country & Folk,successful,true,0,3,0,0,0,
91388478,Cuddlebook Buddies,"$25,000",https://www.kickstarter.com/projects/1149824999/cuddlebook-buddies?ref=category_newest,"$1,913",31,Kari Harrington,https://www.facebook.com/cuddlebookbuddies,, | ,https://www.kickstarter.com/projects/1149824999/cuddlebook-buddies/creator_bio,https://www.facebook.com/664647553,USD,30.0,"Taylorsville, NC",2014-08-28T11:55:15-04:00,1399678460,"&quot;You are our \\&quot;Platinum Backer\\&quot; for Cuddlebook Buddies!\\r\\nYou will visit my home near Holden Beach, NC (approximately 40 minutes from Myrtle Beach, SC) for 2-3 days to meet with the creator of Cuddlebook Buddies.  Daily breakfast meetings will be held to work on creating one of the next new characters in the Cuddlebook Buddies line of educational plush toys. (Transportation to and from Holden Beach will not be provided or included for this reward.)  You will also have dinner with the creator one night during this time.  \\r\\n\\r\\nDates for this reward are flexible.  However, this reward needs to be completed by December 31, 2014 (if possible).  The deadline is set so the plans for the next Cuddlebook Buddy prototype may be sent on to the designer at the plush toy factory that we work with, and production can begin!\\r\\n\\r\\nYou will also choose between becoming the proud owner of the original prototype that you help to create OR create and design your very own personalized Cuddlebook Buddy that will be a one-of-a kind original just for you!  You will also receive 1 personalized Cuddlebook Buddy Bear.  You will be featured on our website and Facebook page as the co-creator of one of the next new Cuddlebook Buddies!  Your picture will go on the \\&quot;Cuddlebook Buddies Wall of Fame\\&quot; on our website and Facebook page as the Ultimate Backer of our Cuddlebook Buddies Kickstarter campaign!&quot;","A cuddly, educational plush toy designed to motivate children to read & help foster a love for reading among children of all ages!",Design,failed,true,['1'],8,0.07652,0,Kari Harrington,453 friends
213583662,We Are (Comic),"$3,000",https://www.kickstarter.com/projects/444695812/we-are-comic?ref=category_newest,$490,8,Tyler Waters,https://www.tumblr.com/blog/wearecomic,2 backed,First created,https://www.kickstarter.com/projects/444695812/we-are-comic/creator_bio,https://www.facebook.com/1371088246,USD,33.99832175925926,"Poway, CA",1464313138,1464313138,1467309540,Presenting We Are (Comics) a series of my own creation. I'll be selling online and physical copies. Enjoy,comics/comic%20books,live,true,['0'],1,0.163333333333333333,20.954960506161054,Ty Waters,207 friends
382600027,GBS Detroit Presents Sam Parks Project,600.0,https://www.kickstarter.com/projects/gbsdetroit/gbs-detroit-presents-sam-parks-project?ref=category_newest,"$1,375",43 backers,GBS Detroit,http://www.gbsdetroit.com,0,0,https://www.kickstarter.com/projects/gbsdetroit/gbs-detroit-presents-sam-parks-project/creator_bio,Not connected,0,0,"Detroit, MI",1425915816,1344101788,1345694340,"GBS Detroit is raising funds for GBS Detroit Presents Sam Parks Project on Kickstarter! 

 Sam Parks Project is heading to Groovebox Studios on Thursday, August 23rd to record and film their GBS Detroit EP and video.",Indie Rock,successful,true,0,1,0,0,0,Not connected
880029592,"""House of Perception"" a limited edition artist's book",1150.0,https://www.kickstarter.com/projects/1742467353/house-of-perception-a-limited-edition-artists-book?ref=category_newest,,,,0,0,0,https://www.kickstarter.com,,0,0,"Oakland, CA",1464282104,1402940218,1407456000,"Jason Engelund is raising funds for ""House of Perception"" a limited edition artist's book on Kickstarter! 

 An experimental narrative of abstract photos and writings venturing through the sublime, a shift in perceptions and the open horizon.",Photobooks,successful,true,0,5,0,0,0,
826953236,Nobody Cares - a film by Travis Swartz and many others. (Canceled),"$25,000",https://www.kickstarter.com/projects/travisswartz/nobody-cares-a-film-by-travis-swartz-and-many-othe?ref=category_newest,"$2,610",37,,,, | ,https://www.kickstarter.com/projects/travisswartz/nobody-cares-a-film-by-travis-swartz-and-many-othe/creator_bio,Not connected,USD,66.9946875,"Boise, ID",2010-05-26T16:38:39-04:00,1272127614,1278002760,Nobody Cares is a comedy... is a feature film... is currently in pre-production... Please join me in the process of turning these pages into pictures.,Film & Video,canceled,true,['9'],7,0.1044,0,Travis Swartz,Not connected
1564693337,"RMM Spinner | Change the way you work, exercise and play","$50,000",https://www.kickstarter.com/projects/63683280/rmm-spinner-change-the-way-you-work-exercise-and-p?ref=category_newest,$355,9,Edward Paslawski,https://www.facebook.com/pages/RMM-Spinner/680943942018689,0 backed,First created,https://www.kickstarter.com/projects/63683280/rmm-spinner-change-the-way-you-work-exercise-and-p/creator_bio,,USD,30.0,"Portsmouth, NH",2015-02-16T17:51:41-05:00,1415283009,1424127101,"RMM Spinner is the world’s first fully rotating footwear.  Pivot, spin and turn with ease while you protect your back, legs and knees.",Footwear,failed,true,['0'],0,0.0071,0,Forrestino Spinner Enterprises,
1451705477,The Betrayal,"$1,500",https://www.kickstarter.com/projects/1755293918/the-betrayal?ref=category_newest,$250,6,Dana Aynn Levin,http://www.DanaAynnLevin.com,0 backed,First created,https://www.kickstarter.com/projects/1755293918/the-betrayal/creator_bio,,USD,45.0,"Westport, CT",2015-05-01T12:16:38-04:00,1425579500,1430496998,A man betrays his son. A son betrays his lover. And a naive young woman pays the price in this New Adult Contemporary Romance novel,Fiction,failed,true,['0'],0,0.166666666666666667,0,Dana Aynn Levin,
697593659,"The Albert Fund for ""Lady Psycho Killer"" Development",1000.0,https://www.kickstarter.com/projects/1324174626/the-albert-fund-for-lady-psycho-killer-development?ref=category_newest,"$1,080",5 backers,Nathan Oliver,http://www.imdb.com/name/nm3533420/http://www.ladypsychokiller.com,0,0,https://www.kickstarter.com/projects/1324174626/the-albert-fund-for-lady-psycho-killer-development/creator_bio,,0,0,,1425915802,1305571700,1310853229,"Nathan Oliver is raising funds for The Albert Fund for ""Lady Psycho Killer"" Development on Kickstarter! 

 ""Lady Psycho Killer"" is going to be the next feature film from the weirdo that brought you ""The Zombies are Coming to Town!"" (2011).",,successful,,0,1,0,0,0,
1159622185,Present Modular Shelving,"$30,000",https://www.kickstarter.com/projects/2145248328/present-modular-shelving?ref=category_newest,$74.00,5,,http://mocoloco.com,0 backed,First created,https://www.kickstarter.com/projects/2145248328/present-modular-shelving/creator_bio,Not connected,CAD,35.006909722222225,"Montreal, Canada",2014-01-06T16:57:00-05:00,1384999002,1389045420,"Presenting... ‘Present’, the modular shelving system for the way we live now; open, inviting, flexible and designed to be looked at.",Product Design,failed,true,['0'],0,0.002466666666666667,0,MOCO x Furni,Not connected
925025600,Sketches Of Influence / SUITE LEE,3500.0,https://www.kickstarter.com/projects/604222053/sketches-of-influence-ivory-romance?ref=category_newest,,,,0,0,0,https://www.kickstarter.com,,0,0,,1451943348,1446912030,1450804341,"Joe Barna is raising funds for Sketches Of Influence / Ivory Romance on Kickstarter! 

 Ivory Romance...A brand new recording documenting new music including a piece entitled ""Suite Lee"" dedicated to pianist Lee Shaw.",,successful,,0,30,0,0,0,
1044812909,Danny Bautista Debut Album,"$20,000",https://www.kickstarter.com/projects/1362141390/danny-bautista-debut-album?ref=category_newest,$35.00,2,Daniel Bautista,http://www.dannybautista.com,, | ,https://www.kickstarter.com/projects/1362141390/danny-bautista-debut-album/creator_bio,,USD,30.0,"Jersey City, NJ",2014-10-02T12:20:44-04:00,1409277272,1412266844,I’m a worship leader singer songwriter from Jersey City working on my first album that will be available in both English and Spanish.,Faith,failed,true,['0'],0,0.00175,0,Danny Bautista,
1389567331,FIRST FULL-LENGTH ALBUM (Canceled),"$7,500",https://www.kickstarter.com/projects/1947187004/first-full-length-album-1?ref=category_newest,$590,12,Charles MacEachern,http://www.charliemacsings.com,0 backed, | ,https://www.kickstarter.com/projects/1947187004/first-full-length-album-1/creator_bio,Not connected,USD,30.0,"Astoria, Queens, NY",2015-04-08T15:52:52-04:00,1426968949,1429636417,"It's been 2 years since Charliemac's debut EP ""Hook's In Me"" successfully funded. His full-length record is here, and needs your help.",Country & Folk,canceled,true,['1'],0,0.078666666666666667,0,Charlie Mac (deleted),Not connected
408908468,Mirror Razor - See What You Shave (Canceled),"$15,000",https://www.kickstarter.com/projects/877558560/mirror-razor-see-what-you-shave?ref=category_newest,"$6,664",53,Yvonne Li,http://www.pluckymissy.com/blogs/the-nomad-girls-guide-to-the-startup-galaxy,,First created,https://www.kickstarter.com/projects/877558560/mirror-razor-see-what-you-shave/creator_bio,https://www.facebook.com/10153086551861895,USD,34.958333333333336,"Los Angeles, CA",2016-04-04T15:42:33-04:00,1449091455,1459861246,"Unique razor designed by women for women, with a 360degree rotational anti-fog shatterproof mirror for you to see all your blind spots.",Product Design,canceled,true,['1'],2,0.444266666666666667,0,Plucky Missy Shaving,674 friends
597183067,Ian James New York - Premium Handcrafted Bags For All,"$6,500",https://www.kickstarter.com/projects/1125995021/ian-james-new-york-premium-handcrafted-bags-for-al?ref=category_newest,"$1,151",13,,http://ianjamesnewyork.com,, | ,https://www.kickstarter.com/projects/1125995021/ian-james-new-york-premium-handcrafted-bags-for-al/creator_bio,,USD,30.0,"Bronx, NY",2013-10-16T10:42:35-04:00,1379637851,1383166824,"Affordably priced handcrafted leather handbags and canvas backpacks, messengers, and totes for men and women on the go.",Fashion,canceled,true,['3'],0,0.177076923076923077,0,Ian James,
669723632,The Sun Goes Down,"$3,500",https://www.kickstarter.com/projects/229814771/the-sun-goes-down?ref=category_newest,$0.00,0,,http://twitter.com/mikeybah,0 backed,First created,https://www.kickstarter.com/projects/229814771/the-sun-goes-down/creator_bio,,USD,54.6480787037037,"Waterford, CA",2012-05-15T15:00:00-04:00,1331063035,1337108400,"Jacob Sterling, a kid with big dreams tries to impress and grab the attention of his father until a tragic moment hits close to home.",Film & Video,failed,false,['0'],0,0.0,0,Michael Balke,
1257689452,Tide-Tees,"$5,000",https://www.kickstarter.com/projects/1995477315/tide-tees?ref=category_newest,$80.00,5,Garrett Weaver,,,First created,https://www.kickstarter.com/projects/1995477315/tide-tees/creator_bio,,USD,29.958333333333332,"Honolulu, HI",2015-04-02T04:19:46-04:00,1424815706,1427962786,I'm creating a new and fun interactive way by making a t-shirt that changes colors with heat.  You can wear it anytime in any setting.,Apparel,failed,true,['3'],0,0.016,0,Garrett Weaver,
1445764696,MADE IN CLOISTER,75000.0,https://www.kickstarter.com/projects/1697002300/made-in-cloister?ref=category_newest,"£75,944",304 backers,Mag London,http://www.madeincloister.ithttps://www.facebook.com/madeincloister,0 backed,"
First created
",https://www.kickstarter.com/projects/1697002300/made-in-cloister/creator_bio,Not connected,0,0,"Naples, Italy",1425915842,1384337304,1388509409,"Mag London is raising funds for MADE IN CLOISTER on Kickstarter! 

 Help us restore a renaissance Cloister in the heart of Naples and to begin a new story of art and fine craft.",Art,successful,true,0,3,0,0,0,Not connected
1782202695,Organic beginnings,"$16,000",https://www.kickstarter.com/projects/1402403302/organic-beginnings?ref=category_newest,$10.00,2,Cifford Hyatt,,0 backed,First created,https://www.kickstarter.com/projects/1402403302/organic-beginnings/creator_bio,,USD,30.0,"Murfreesboro, TN",2015-04-21T10:53:33-04:00,1424619770,1429628013,Building a farm to feed my Family and to give others choices for produce raised cleaner and naturally. The land is ready. Equipment now,Farms,failed,false,['0'],0,0.000625,0,Clifford,
2095010882,Bistro 1876 Victorian Catsup,"$7,000",https://www.kickstarter.com/projects/1287487682/bistro-1876-victorian-catsup?ref=category_newest,$285,8,,http://facebook.com/bistro1876,,First created,https://www.kickstarter.com/projects/1287487682/bistro-1876-victorian-catsup/creator_bio,,USD,22.0,"Shelbyville, TN",2012-12-05T15:45:06-05:00,1352147262,1354740306,Making Victorian Catsup from the pages of history.,Food,failed,true,['0'],1,0.040714285714285714,0,Daniel Hooberry,
340530416,MKT Zombie Tales: Exploring zombie survival in the Midwest,$500,https://www.kickstarter.com/projects/700985064/mkt-zombie-tales-exploring-zombie-survival-in-the?ref=category_newest,$56.00,5,Jordan Shroyer,,0 backed,First created,https://www.kickstarter.com/projects/700985064/mkt-zombie-tales-exploring-zombie-survival-in-the/creator_bio,https://www.facebook.com/15910730,USD,30.0,"Columbia, MO",2014-08-12T18:57:51-04:00,1404938457,1407884271,Mizzou graduate student creating a fun and informative blog website about zombies in Missouri.,Publishing,failed,true,['0'],0,0.112,0,Jordan Shroyer,248 friends
1399741004,Empowering Ghana 2016,"$4,000",https://www.kickstarter.com/projects/530964934/empowering-ghana-2016?ref=category_newest,$0.00,0,Casey Parker,http://www.mosaicmediadesign.com/#yourstory,0 backed,First created,https://www.kickstarter.com/projects/530964934/empowering-ghana-2016/creator_bio,,USD,38.988171296296294,"Akatsi, Ghana",2016-02-29T16:37:00-05:00,1452021554,1456781820,Mosaic will be traveling to the Volta Region of Ghana in 2016 to capture the story of rural schools supported by the nonprofit IIHFD.,Documentary,failed,true,['0'],0,0.0,0,Casey Parker,
1991661164,SERENITY ROSE: 10 AWKWARD YEARS,5500.0,https://www.kickstarter.com/projects/1445954278/serenity-rose-10-awkward-years?ref=category_newest,,,,0,0,0,https://www.kickstarter.com,,0,0,"South Pasadena, CA",1432507829,1382585589,1385859600,"Aaron Alexovich is raising funds for SERENITY ROSE: 10 AWKWARD YEARS on Kickstarter! 

 A monstrous compilation of every SERENITY ROSE comic ever made. Celebrating 10 years of spooky witchcraft & social phobia!",Comics,successful,true,0,35,0,0,0,
500289687,Darkridge - WE can KICKSTART this classic indy action film!,"$50,000",https://www.kickstarter.com/projects/44516499/darkridge-we-can-kickstart-this-classic-indy-actio?ref=category_newest,"$1,261",21,,https://www.facebook.com/darkridgethemovie,0 backed,First created,https://www.kickstarter.com/projects/44516499/darkridge-we-can-kickstart-this-classic-indy-actio/creator_bio,,USD,30.55332175925926,"Sylva, NC",2013-01-07T00:00:00-05:00,1354170723,1357534800,PLOT: A Modern day moonshiner becomes the last resort for justice.,Narrative Film,failed,true,['0'],1,0.02522,0,Jesse Romine,
29442907,Octopus Adventure,3500.0,https://www.kickstarter.com/projects/452391158/octopus-adventure?ref=category_newest,"$3,822",45 backers,rebecca duffy bush,http://www.rivertoseagallery.comhttp://www.etsy.com/rebeccaduffybushhttp://www.wholesalecrafts.com/21704https://www.facebook.com/rebecca.d.bush.1https://www.facebook.com/octopusadventurebyrebeccaduffybush?ref=hl,0,0,https://www.kickstarter.com/projects/452391158/octopus-adventure/creator_bio,,0,0,"Wilmington, NC",1425915835,1374974978,1413155319,"rebecca duffy bush is raising funds for Octopus Adventure on Kickstarter! 

 Steel sculpture artists take their octopus to the national level by displaying in the handmade section of Americasmart in Atlanta.",Sculpture,successful,true,0,7,0,0,0,
202292456,El Tule - Volumen IV,"$2,500",https://www.kickstarter.com/projects/eltule/el-tule-volumen-iv?ref=category_newest,$230,6,,http://www.eltuleband.com,0 backed,First created,https://www.kickstarter.com/projects/eltule/el-tule-volumen-iv/creator_bio,Not connected,USD,30.0,"Austin, TX",2013-10-28T22:05:19-04:00,1375754016,1383012319,El Tule is an Austin based Latin Band formed 10 years ago.  This project is to fund our fourth Album/EP.,World Music,failed,true,['0'],0,0.092,0,Stephen Selvey,Not connected
847582241,OXYGEN FROM BOOKS (Canceled),"$1,000,000",https://www.kickstarter.com/projects/1636004094/oxygen-from-books?ref=category_newest,$1.00,1,Florin Horicianu,http://wtw.tw,, | ,https://www.kickstarter.com/projects/1636004094/oxygen-from-books/creator_bio,,USD,60.0,"New York, NY",2014-09-04T16:15:14-04:00,1402077776,1412710697,Build your digital library and save trees!,Publishing,canceled,true,['0'],6,0.000001,0,Florin Horicianu,
383372941,Mighty Toothbrush Holder - Organize Your Bathroom Better,12500.0,https://www.kickstarter.com/projects/80548549/mighty-toothbrush-holder-organize-your-bathroom-be?ref=category_newest,,,,0,0,0,https://www.kickstarter.com,,0,0,"Brisbane, AU",1439766564,1432235039,1439766101,"TOOLETRIES is raising funds for Mighty Toothbrush Holder - Organize Your Bathroom Better on Kickstarter! 

 A toothbrush holder that combines a razor rack, jewelry dish & compact shower caddy. Grips to shiny surfaces and fits all razor types.",Product Design,successful,true,0,17,0,0,0,
1702854258,A place to call their own,"$10,000",https://www.kickstarter.com/projects/143481212/a-place-to-call-their-own?ref=category_newest,$53.00,2,Lee Mayo,,0 backed,First created,https://www.kickstarter.com/projects/143481212/a-place-to-call-their-own/creator_bio,https://www.facebook.com/10205946293115435,USD,30.0,"Mobile, AL",2015-10-08T11:28:58-04:00,1441647375,1444318138,"The Hive will consist of booth seating areas, a ""soda bar"", pizza kitchen, pool table, gaming console area and a dance floor.",Food,failed,false,['0'],0,0.0053,0,Lee Mayo,196 friends
454906951,Barb Wire Dolls (from Greece) recording debut album in USA!,10000.0,https://www.kickstarter.com/projects/100573829/barb-wire-dolls-from-greece-recording-debut-album?ref=category_newest,"$10,386",103 backers,Barb Wire Dolls,http://www.facebook.com/BarbWireDolls,0,"
First created
",https://www.kickstarter.com/projects/100573829/barb-wire-dolls-from-greece-recording-debut-album/creator_bio,Not connected,0,0,"Columbus, OH",1425915817,1345958217,1351040220,"Barb Wire Dolls is raising funds for Barb Wire Dolls (from Greece) recording debut album in USA! on Kickstarter! 

 THE NEW PUNK REVOLUTION IS ON! TIME TO GET THE MUSIC OUT & TAKE IT TO THE STREETS AND STAGES OFF THE WORLD!",Rock,successful,true,0,5,0,0,0,Not connected
879347457,Kids Talk Politics - 2012,"$21,776",https://www.kickstarter.com/projects/1347438751/kids-talk-politics-2012?ref=category_newest,$220,6,,http://www.kidstalkpolitics.com,,First created,https://www.kickstarter.com/projects/1347438751/kids-talk-politics-2012/creator_bio,,USD,45.0,"Los Angeles, CA",2012-01-05T23:18:37-05:00,1321891815,1325823517,"Since 1996 Kids Talk Politics as given Rep and Dem kids alike a voice in America's politics on PBS, Amazon and YouTube!",Documentary,failed,true,['3'],1,0.010102865540044085,0,Ken Sheetz,
1650135367,Let's Get Pickled!,"$6,000",https://www.kickstarter.com/projects/1145694571/lets-get-pickled?ref=category_newest,"$4,100",63,,http://www.5150gourmetfoods.com,0 backed,First created,https://www.kickstarter.com/projects/1145694571/lets-get-pickled/creator_bio,Not connected,USD,30.0,"Lake Forest, CA",2013-09-04T22:57:06-04:00,1372630726,1378349826,Taking pickling to a tastier and spicier level never seen before.  These ain't your grandma's pickles!,Food,failed,true,['0'],1,0.683333333333333333,0,5150 Gourmet Foods,Not connected
160847960,Milky Way Shakes,10000.0,https://www.kickstarter.com/projects/814310955/milky-way-shakes?ref=category_newest,,,,0,0,0,https://www.kickstarter.com,,0,0,"Austin, TX",1457881088,1448407291,1456092830,"Moni Burgin is raising funds for Milky Way Shakes on Kickstarter! 

 Help us bring delicious, vegan milkshakes and fries to Austin!  Enjoy our sensational seasonal flavors, the finest in the galaxy.",Food Trucks,successful,true,0,16,0,0,0,
1232000477,Help Promote & Publish My Books: The Attila Family Saga,"$110,000",https://www.kickstarter.com/projects/1430736361/help-promote-and-publish-my-books-the-attila-famil?ref=category_newest,$0.00,0,Rafael Ayala,,0 backed,First created,https://www.kickstarter.com/projects/1430736361/help-promote-and-publish-my-books-the-attila-famil/creator_bio,,USD,60.0,"Porterville, CA",2015-08-03T19:50:39-04:00,1433407301,1438645839,"The publishing world is nasty, pricey, and competitive. Help me raise funds to acquire an espresso book machine for myself and others.",Fiction,failed,false,['0'],0,0.0,0,Rafael M. Ayala,
239321654,A Last Hope for Greeting Cards from lowkey greetings,1325.0,https://www.kickstarter.com/projects/2014681432/a-last-hope-for-greeting-cards-from-lowkey-greetin?ref=category_newest,"$1,368",25 backers,Christopher Markuson,http://lowkeygreetings.com,0,"
First created
",https://www.kickstarter.com/projects/2014681432/a-last-hope-for-greeting-cards-from-lowkey-greetin/creator_bio,https://www.facebook.com/724588311,0,0,"Minneapolis, MN",1425915835,1375043387,1377815639,"Christopher Markuson is raising funds for A Last Hope for Greeting Cards from lowkey greetings on Kickstarter! 

 Clever and slightly inappropriate greeting cards that look like they were made by a 3rd grader.",Art,successful,true,0,0,0,0,0,282 friends
148877021,Holding Back Birds,300.0,https://www.kickstarter.com/projects/1770237352/holding-back-birds?ref=category_newest,,,,0,0,0,https://www.kickstarter.com,,0,0,"Austin, TX",1449163928,1445111990,1449032400,"Sasha R. Jones is raising funds for Holding Back Birds on Kickstarter! 

 A painting about trying to hold back one's own inner nature. Fund this project and receive a print.",Painting,successful,true,0,5,0,0,0,
1801591580,Feathers from the Fallen and the Titans among man.,"$7,200",https://www.kickstarter.com/projects/dustinparks/feathers-from-the-fallen-and-the-titans-among-man?ref=category_newest,$447,13,,,,First created,https://www.kickstarter.com/projects/dustinparks/feathers-from-the-fallen-and-the-titans-among-man/creator_bio,,USD,33.0,"Midland, TX",2013-09-26T12:03:50-04:00,1362850219,1380211430,A group of humans gain powers given to them by the angels that fell with the Devil. Follow one man as he discovers his new Talent.,Fiction,failed,true,['0'],0,0.062083333333333333,0,Dustin Parks,
1828669909,What to Bring to America - The feature film,"$50,000",https://www.kickstarter.com/projects/202205775/what-to-bring-to-america-the-feature-film?ref=category_newest,"$17,465",83,,http://www.wtbtathefilm.com/,,First created,https://www.kickstarter.com/projects/202205775/what-to-bring-to-america-the-feature-film/creator_bio,,USD,49.0,"Los Angeles, CA",2013-06-12T22:49:47-04:00,1364180713,1371091787,A story of a six-year-old Ethiopian American girl who is at risk of facing female genital mutilation in Los Angeles.,Narrative Film,failed,true,['0'],3,0.3493,0,Tadious Odissu,
454025696,Colony Capture: Teaching Games Through Doing!,"$15,000",https://www.kickstarter.com/projects/cwssoftware/colony-capture-teaching-games-through-doing?ref=category_newest,"$1,478",51,,https://www.cwssoftware.com/phpBB3/,, | ,https://www.kickstarter.com/projects/cwssoftware/colony-capture-teaching-games-through-doing/creator_bio,,USD,30.0,"San Francisco, CA",2013-12-22T16:52:40-05:00,1367382321,1387749160,"A fun puzzle game, documented and analyzed to teach people how to make games!",Video Games,failed,true,['8'],8,0.098533333333333333,0,Chris Lee,
1216382645,The Original Bearycalm,11750.0,https://www.kickstarter.com/projects/ph7labs/the-original-bearycalm?ref=category_newest,"$12,681",112 backers,Beary Calm,http://ph7labs.com,0,"
First created
",https://www.kickstarter.com/projects/ph7labs/the-original-bearycalm/creator_bio,https://www.facebook.com/100003755031412,0,0,"West Palm Beach, FL",1425915807,1333172513,1337401648,"Beary Calm is raising funds for The Original Bearycalm on Kickstarter! 

 Bearycalm is the first vinyl toy creation composed by  Bubi Au Yeung and Camilo Bejarano",Product Design,successful,true,0,21,0,0,0,2 friends
977914615,Tracking with the Bushmen of the Kalahari -  Images of Indigenous Wisdom,"$22,000",https://www.kickstarter.com/projects/2037912705/tracking-with-the-bushmen-of-the-kahalari-feedin-0?ref=category_newest,"$1,255",19,,,0 backed,First created,https://www.kickstarter.com/projects/2037912705/tracking-with-the-bushmen-of-the-kahalari-feedin-0/creator_bio,Not connected,USD,44.07805555555556,"Seattle, WA",2010-03-24T23:13:00-04:00,1263874400,1269486780,A photographic expedition to Africa documenting compelling images of the endangered San Bushmen sharing ancient lessons for modern cultural renewal.,Photography,failed,false,['0'],4,0.057045454545454545,0,Kristi Dranginis,Not connected
1296487609,"âThe Truth of Revolution, Brother.â  Punk Philosophy book",15000.0,https://www.kickstarter.com/projects/200002823/the-truth-of-revolution-brother-punk-philosophy-bo?ref=category_newest,"Â£21,200",351 backers,"Lisa, Charlie & Robin",http://www.thetruthofrevolution.comhttp://www.nevermindthebosses.comhttp://www.thisaintrocknroll.comhttp://www.flickr.com/photos/thisaintrocknroll,0,"
First created
",https://www.kickstarter.com/projects/200002823/the-truth-of-revolution-brother-punk-philosophy-bo/creator_bio,Not connected,0,0,"London, UK",1425915851,1394547529,1399831824,"Lisa, Charlie & Robin is raising funds for âThe Truth of Revolution, Brother.â  Punk Philosophy book on Kickstarter! 

 A unique exploration of the philosophy of punk, based on the ideas, beliefs and lives of the people that created the movement.",Nonfiction,successful,true,0,26,0,0,0,Not connected
203868045,NoName Watches,"$15,000",https://www.kickstarter.com/projects/356739892/noname-watches?ref=category_newest,"$3,133",41,Antonino Piraino,http://Longevityleather.com,0 backed, | ,https://www.kickstarter.com/projects/356739892/noname-watches/creator_bio,https://www.facebook.com/10206069102313578,USD,30.0,"Middletown, DE",2015-02-21T16:34:01-05:00,1421776790,1424554441,"Luxury watches, without the luxury markup! Backed with a THREE YEAR WARRANTY!",Accessories,failed,true,['5'],0,0.208866666666666667,0,Antonino Piraino,974 friends
383144484,Poetry book- In the Event of Atomic War,"$3,000",https://www.kickstarter.com/projects/1468118314/poetry-book-in-the-event-of-atomic-war?ref=category_newest,$557,11,,http://www.reverbnation.com/store/store/artist_2496041?item_type=merchandise,,First created,https://www.kickstarter.com/projects/1468118314/poetry-book-in-the-event-of-atomic-war/creator_bio,,USD,60.0,"Hollister, CA",2013-06-01T20:59:53-04:00,1343381357,1370134793,"The book is written. I wish to print and distribute 100 copies to publishers, journals, and critics.",Poetry,failed,true,['0'],18,0.185666666666666667,0,DevonPack,
50797830,Bartindr- connecting bartenders with private events and gigs,"$50,000",https://www.kickstarter.com/projects/405100817/bartindr-connecting-bartenders-with-private-events?ref=category_newest,$0.00,0,Karen Nicole  Morton,https://itunes.apple.com/us/app/bartindr/id993317081?ls=1&mt=8,0 backed,First created,https://www.kickstarter.com/projects/405100817/bartindr-connecting-bartenders-with-private-events/creator_bio,https://www.facebook.com/10203135143497795,USD,30.0,"Seattle, WA",2015-07-16T19:17:31-04:00,1434133519,1437088651,"This app is going to connect industry people to events, jobs and even careers!! Not to mention finding the hottest events in your area.",Apps,failed,true,['0'],0,0.0,0,Karen Nicole Morton,"2,983 friends"
88562009,Stockdale Estates Free Little Library,250.0,https://www.kickstarter.com/projects/mchlspllck/stockdale-estates-free-little-library?ref=category_newest,$256,17 backers,Michael Pollack,0,0,0,https://www.kickstarter.com/projects/mchlspllck/stockdale-estates-free-little-library/creator_bio,,0,0,,1425915869,1406758139,1420841885,"Michael Pollack is raising funds for Stockdale Estates Free Little Library on Kickstarter! 

 I would like to build and be the steward of a ""Little Free Library"" for public access on my property.",,successful,,0,2,0,0,0,
617606858,Stages for the Ages: Emerging artist concert series,"$10,000",https://www.kickstarter.com/projects/maxwellelliot/stages-for-the-ages-emerging-artist-concert-series?ref=category_newest,"$7,600",71,,http://about.me/maxwellelliot,,First created,https://www.kickstarter.com/projects/maxwellelliot/stages-for-the-ages-emerging-artist-concert-series/creator_bio,Not connected,USD,32.04221064814815,"Boston, MA",2011-08-19T23:59:00-04:00,1309559981,1313812740,"Help us fund 5 big concerts for emerging artists in Boston, MA.  We'll prove they have always deserved more opportunities.",Music,failed,true,['2'],3,0.76,0,Maxwell Wessel,Not connected
293723338,The Bucketlist app,"$15,000",https://www.kickstarter.com/projects/77685805/the-bucketlist-app-0?ref=category_newest,$1.00,1,Tyler Trenton,https://twitter.com/TrentonTyIer,0 backed,First created,https://www.kickstarter.com/projects/77685805/the-bucketlist-app-0/creator_bio,https://www.facebook.com/100000409972776,USD,30.0,"Valparaiso, IN",2015-03-07T16:25:35-05:00,1417802822,1425763535,"Klikur allows users to create and share bucketlists they create with their friends, family and loved ones.",Apps,failed,false,['0'],0,0.000066666666666667,0,Trenton,"1,127 friends"
1419043382,Christopher Columbus Handwriting Font,"£1,000",https://www.kickstarter.com/projects/121876390/christopher-columbus-handwriting-font?ref=category_newest,£85.00,8,Paul Poultorak,http://twitter.com/columbusfont,0 backed,First created,https://www.kickstarter.com/projects/121876390/christopher-columbus-handwriting-font/creator_bio,,GBP,35.22847222222222,"Salford, UK",2015-08-05T15:00:00-04:00,1432648309,1438801200,"Replicate Christopher Columbus' handwriting on your computer, phone or tablet.",Typography,failed,true,['0'],1,0.085,0,Paul Poultorak,
1025370920,Hero Happy Hour: On The Rocks - Graphic Novel,"&quot;A 12\\&quot;x18\\&quot; ink/ink wash sketch commission on cold pressed, 100% cotton, 140lb watercolour paper by artist J.K. Woodward, plus the trade paperback of HERO HAPPY HOUR: ON THE ROCKS graphic novel. Also, Hideout Bar &amp; Grill Swag (button, bumper sticker, bottle opener, \\&quot;Save the Hideout\\&quot; flyer, and whatever additional swag that is added with stretch goals), and the PDF and CBR versions of HERO HAPPY HOUR: ON THE ROCKS graphic novel. Bonus: PDF version of the HERO HAPPY HOUR OMNIBUS.&quot;",https://www.kickstarter.com/projects/geekpunk/hero-happy-hour-on-the-rocks-graphic-novel?ref=category_newest,"$6,850",195 backers,Dan Taylor,https://twitter.com/DanLTaylorhttp://geekpunk.comhttp://herohappyhour.com,0,0,https://www.kickstarter.com/projects/geekpunk/hero-happy-hour-on-the-rocks-graphic-novel/creator_bio,,0,0,"Los Angeles, CA",1425915870,1407250919,1412136025,"Dan Taylor is raising funds for Hero Happy Hour: On The Rocks - Graphic Novel on Kickstarter! 

 HERO HAPPY HOUR back in print! The super heroes from The Hideout Bar & Grill return in the HERO HAPPY HOUR: ON THE ROCKS graphic novel.",Graphic Novels,successful,true,0,24,0,0,0,
1390719965,The Conversation Box,£150,https://www.kickstarter.com/projects/1247076261/the-conversation-box?ref=category_newest,£0.00,0,Olivia Rose Deane,,0 backed,First created,https://www.kickstarter.com/projects/1247076261/the-conversation-box/creator_bio,,GBP,14.0,"Leicester, UK",2015-07-04T05:33:52-04:00,1434105333,1436002432,The Conversation Box is an immersive theatre piece that explores different kinds of communication.,Experimental,failed,false,['0'],0,0.0,0,Put The Book Down,
246897560,vitalfoodsonline.com,"$20,000",https://www.kickstarter.com/projects/105583636/vitalfoodsonlinecom?ref=category_newest,$275,4,Joseph Cameron,http://vitalfoodsonline.com,0 backed,First created,https://www.kickstarter.com/projects/105583636/vitalfoodsonlinecom/creator_bio,https://www.facebook.com/10206710749757713,USD,30.0,"Taos, NM",2015-06-29T09:02:13-04:00,1432712902,1435582933,I have an artisan milled gluten free pancake mix.I will donate 15% of the profits to local school food programs when I have 200 clients,Small Batch,failed,false,['0'],0,0.01375,0,Joseph Cameron,590 friends
1631477980,Listening to The Beatles for the First Time,£500,https://www.kickstarter.com/projects/450471803/listening-to-the-beatles-for-the-first-time?ref=category_newest,£95.00,3,Steven Liam Donley,https://www.facebook.com/tellodaytona,, | ,https://www.kickstarter.com/projects/450471803/listening-to-the-beatles-for-the-first-time/creator_bio,https://www.facebook.com/540940284,GBP,30.0,"Southampton, UK",2015-09-16T08:10:16-04:00,1438382376,1442405416,A dream you dream together is reality,Fashion,failed,false,['0'],0,0.19,0,Liam 'Tello' Donley,587 friends
439804235,JELF! Records debut E.P,"£5,000",https://www.kickstarter.com/projects/1868885208/jelf-records-debut-ep?ref=category_newest,£103,2,,http://www.soundcloud.com/craigjelfmusic,0 backed,First created,https://www.kickstarter.com/projects/1868885208/jelf-records-debut-ep/creator_bio,,GBP,30.0,"London, UK",2013-08-03T11:56:47-04:00,1372028257,1375545407,Be part of the process of launching JELF!'s debut E.P,Indie Rock,failed,true,['0'],0,0.0206,0,JELF,
70912275,The Louisiana Wetlands According to John,"$15,000",https://www.kickstarter.com/projects/146301673/the-louisiana-wetlands-according-to-john?ref=category_newest,$786,12,John W Jr Taylor,http://storycorps.org/listen/john-w-taylor-jr/,0 backed,First created,https://www.kickstarter.com/projects/146301673/the-louisiana-wetlands-according-to-john/creator_bio,,USD,30.0,"New Orleans, LA",2014-10-20T12:09:54-04:00,1408483081,1413821394,"Six months traveling through the Louisiana wetlands, photographing these places of beauty and significance. An exhibit will follow.",Nature,failed,true,['2'],0,0.0524,0,John W. Taylor,
1431190458,"MAGDALEN HSU-LI & GREANE- ""ART AFTER BABY"" CD & BOOK PROJECT","$55,000",https://www.kickstarter.com/projects/artafterbaby/magdalen-hsu-li-and-greane-art-after-baby-cd-and-b?ref=category_newest,$655,8,,http://www.magdalenhsuli.com,, | ,https://www.kickstarter.com/projects/artafterbaby/magdalen-hsu-li-and-greane-art-after-baby-cd-and-b/creator_bio,Not connected,USD,26.253842592592594,"Seattle, WA",2012-06-25T21:55:29-04:00,1336428909,1342076400,"2 indie music artists recently had a baby. Picking up the pieces of their creative lives, they're embarking on a new cd & book project.",Pop,canceled,false,['2'],4,0.011909090909090909,0,Magdalen Hsu-Li,Not connected
113285587,Dear Harmony: The Motion Picture Soundtrack,"$15,000",https://www.kickstarter.com/projects/wolfhaven-prods/dear-harmony-the-motion-picture-soundtrack?ref=category_newest,$201,3,Brian Masters,,0 backed,First created,https://www.kickstarter.com/projects/wolfhaven-prods/dear-harmony-the-motion-picture-soundtrack/creator_bio,,USD,60.0,"Chattanooga, TN",2015-05-23T18:55:35-04:00,1426949406,1432421735,"New Country Music Soundtrack for the upcoming production of the movie: Dear Harmony. A Boot-Scootin, Chip-Kickin, Toe-Tappin good time!",Country & Folk,failed,true,['0'],0,0.0134,0,WolfHaven Productions,
2136600302,SEEDs for Autism:  Sewing Our Way To Independence,4200.0,https://www.kickstarter.com/projects/633192035/seeds-for-autism-sewing-our-way-to-independence?ref=category_newest,"$4,816",121 backers,Brian McDonald,0,0,"
First created
",https://www.kickstarter.com/projects/633192035/seeds-for-autism-sewing-our-way-to-independence/creator_bio,Not connected,0,0,"Phoenix, AZ",1425915829,1366695277,1377414054,"Brian McDonald is raising funds for SEEDs for Autism:  Sewing Our Way To Independence on Kickstarter! 

 SEEDs students learn vocational skills by working with artists to create marketable art. Our Fiber Dept needs stronger sewing machines.",Crafts,successful,true,0,18,0,0,0,Not connected
227596913,FUMO INTL's first-run production of Four New BBQ Sauces,2000.0,https://www.kickstarter.com/projects/763493192/first-run-production-of-aandgs-international-bbq-s?ref=category_newest,"$2,731",52 backers,Arny and Gavin's International BBQ Sauce,0,0,0,https://www.kickstarter.com/projects/763493192/first-run-production-of-aandgs-international-bbq-s/creator_bio,,0,0,,1425915862,1404842686,1407943964,"Arny and Gavin's International BBQ Sauce is raising funds for FUMO INTL's first-run production of Four New BBQ Sauces on Kickstarter! 

 Two international travelers are bringing the flavors from their childhood, and adult life, to the world of BBQ sauce.",,successful,,0,29,0,0,0,
689126593,The Threat #5 (of 8),"$2,500",https://www.kickstarter.com/projects/stratumcomics/the-threat-5-of-8?ref=category_newest,$297,13,Mark Harris Schmidt,http://www.stratumcomics.com,, | ,https://www.kickstarter.com/projects/stratumcomics/the-threat-5-of-8/creator_bio,https://www.facebook.com/891770300,USD,30.0,"Austin, TX",2016-03-07T04:13:19-05:00,1378902972,1457341999,"Are you a Viral? Join the growing Viral voice by adding your name to the Viral Wall of Honor. Issue 5, the search for Nathan continues.",Comic Books,failed,true,['0'],2,0.1188,0,Mark Schmidt,"2,631 friends"
96904391,1MileCLOCK,5000.0,https://www.kickstarter.com/projects/724657596/1mileclock?ref=category_newest,"$8,718",175 backers,Jim Bowers,http://www.tinyurl.com/1mileclockhttp://tinyurl.com/clockPICS,0,0,https://www.kickstarter.com/projects/724657596/1mileclock/creator_bio,Not connected,0,0,"Gerlach, NV",1425915802,1297373306,1302507760,"Jim Bowers is raising funds for 1MileCLOCK on Kickstarter! 

 We are constructing a CLOCK that when complete, will shatter the current record for the largest clock in the world! Over 5000' across! ",Art,successful,true,0,19,0,0,0,Not connected
1768338985,Redefine - A New Look at Desktop Computers,"€250,000",https://www.kickstarter.com/projects/1144842301/redefine-a-new-look-at-desktop-computers?ref=category_newest,€0.00,0,Kevin Penhoat,,0 backed, | ,https://www.kickstarter.com/projects/1144842301/redefine-a-new-look-at-desktop-computers/creator_bio,,EUR,29.958333333333332,"Gorinchem, Netherlands",2015-03-25T12:38:50-04:00,1424350667,1427301530,"Redefine combines the traditional computer case with a computer desk in a compact, yet attractive design.",Hardware,failed,true,['0'],0,0.0,0,Kevin Penhoat,
389439219,Pedal-Powered Green Force Juices!,7000.0,https://www.kickstarter.com/projects/550167339/pedal-powered-green-force-juices?ref=category_newest,"$7,085",50 backers,metro pedal power,http://metropedalpower.com,0,"
First created
",https://www.kickstarter.com/projects/550167339/pedal-powered-green-force-juices/creator_bio,Not connected,0,0,"Boston, MA",1425915809,1335484922,1338955200,"metro pedal power is raising funds for Pedal-Powered Green Force Juices! on Kickstarter! 

 Pedal-Powered Green Juice bar serves all those around Boston. Locally farmed wheatgrass, sprouts, etc",Food,successful,true,0,0,0,0,0,Not connected
1284513492,PageTurner: Of Myths and Monsters,"$8,000",https://www.kickstarter.com/projects/pageturner/pageturner-of-myths-and-monsters?ref=category_newest,$0.00,0,,,0 backed,First created,https://www.kickstarter.com/projects/pageturner/pageturner-of-myths-and-monsters/creator_bio,,USD,27.953032407407406,"East Chicago, IN",2013-07-10T13:00:00-04:00,1370752415,1373475600,A new mythology for a modern age. This book is meant for those who grew up with Harry Potter and wanted him to grow as well.,Fiction,failed,false,['0'],0,0.0,0,Andrew Herrera,
874770099,"""The Expedition"" - a science fiction novel","$4,500",https://www.kickstarter.com/projects/1853064406/the-expedition-a-science-fiction-novel?ref=category_newest,$497,23,,http://casitian.com,,First created,https://www.kickstarter.com/projects/1853064406/the-expedition-a-science-fiction-novel/creator_bio,,USD,30.0,"Oakland, CA",2012-02-05T16:32:31-05:00,1320109699,1328477551,"This project is for cover design, editing, and marketing of the 4th novel in the science fiction series,""The Casitian Universe.""",Fiction,failed,true,['1'],3,0.110591111111111111111111111,0,Michelle Murrain,
1593806222,Krow's Combs--Stainless Steel Pocket Combs,"$3,100",https://www.kickstarter.com/projects/krowscombs/krows-combs-stainless-steel-pocket-combs?ref=category_newest,"$1,161",25,krage Narup,http://www.krows-combs.com,, | ,https://www.kickstarter.com/projects/krowscombs/krows-combs-stainless-steel-pocket-combs/creator_bio,https://www.facebook.com/100000424890303,USD,21.0,"Huntington Beach, CA",2014-09-25T23:59:09-04:00,1407643901,1411703949,Pocket Combs with Style and Strength. Stainless Steel Construction Made in the U.S.A..  Perfect for your Everyday Carry-EDC. 3 Designs!,Product Design,failed,false,['8'],2,0.374516129032258065,0,Krage A. Narup,623 friends
269792011,Alcoves-Denver (Firepit Prototype),"$5,500",https://www.kickstarter.com/projects/1423294594/alcoves-denver-firepit-prototype?ref=category_newest,$85.00,4,James Raymond,http://www.alcoves-denver.com,0 backed,First created,https://www.kickstarter.com/projects/1423294594/alcoves-denver-firepit-prototype/creator_bio,,USD,60.0,"Denver, CO",2014-10-03T12:29:59-04:00,1406669806,1412353799,Alcoves is a unique dining experience that brings people together through our primordial attraction to fire and our need for community.,Restaurants,failed,false,['2'],0,0.015454545454545455,0,James Raymond,
